"","ID_chat","Saison","Annee","akde","Session","Age","Sex","Type_GPS","Outdoor_access","sum.DRR","sum.RR","mean.TM","mean.FXY","Monitoring_time","Outdoor_access2","Saison2","daily.RR","buffer100","buffer250","buffer500","id_owner"
"1","1","ete","2020",4224.47835932366,1,10,"M","blanc","demande",214,2,18.3875,7.4375,7,"restricted","summer",0.285714285714286,0.738019169329074,0.906361323155216,0.947535973513307,1
"2","1","hiver","2020",5295.75246316295,1,10,"M","blanc","demande",1842,22.4,8.77777777777778,9.41111111111111,8,"restricted","winter",2.8,0.738019169329074,0.906361323155216,0.947535973513307,1
"3","1","printemps","2021",3352.08900161437,1,11,"M","blanc","demande",587,3.8,10.91,6.64,9,"restricted","spring",0.422222222222222,0.738019169329074,0.906361323155216,0.947535973513307,1
"4","11","automne","2016",9887.576,0,5,"M","blanc","demande_jour_nuit",NA,NA,NA,NA,10,"restricted","fall",NA,0.292207792207792,0.511983681795003,0.722647283856159,2
"5","11","hiver","2017",596.7609,0,5,"M","blanc","demande_jour_nuit",2117,50.7,8.34615384615385,7.17692307692308,12,"restricted","winter",4.225,0.292207792207792,0.511983681795003,0.722647283856159,2
"6","12","hiver","2017",639.1613,0,1,"F","blanc","libre",271,1.2,9.37142857142857,5.91428571428571,6,"unrestricted","winter",0.2,0.311111111111111,0.609892911779704,0.745542536933265,3
"7","12","automne","2016",1723.572,0,1,"F","blanc","libre",NA,7.7,5.52,5.97,9,"unrestricted","fall",0.855555555555556,0.311111111111111,0.609892911779704,0.745542536933265,3
"8","13","automne","2016",1460.64,0,10,"F","blanc","libre",NA,8.3,7.58888888888889,7.55555555555556,8,"unrestricted","fall",1.0375,0.311111111111111,0.609892911779704,0.745542536933265,3
"9","14","automne","2016",3013.056,0,12,"F","blanc","libre",NA,20.7,10,9.7,8,"unrestricted","fall",2.5875,0.311111111111111,0.609892911779704,0.745542536933265,3
"10","14","hiver","2017",853.2703,0,12,"F","blanc","libre",34,0.8,9.6625,5.125,7,"unrestricted","winter",0.114285714285714,0.311111111111111,0.609892911779704,0.745542536933265,3
"11","15","ete","2020",9367.28483464895,1,4,"M","blanc","libre",NA,0.8,20.3363636363636,5.35454545454545,10,"unrestricted","summer",0.08,1,0.15482881962187,0.293645740481345,4
"12","15","automne","2016",6885.313,0,4,"M","blanc","libre",NA,0.8,4.39,5.53,9,"unrestricted","fall",0.0888888888888889,1,0.15482881962187,0.293645740481345,4
"13","16","hiver","2017",1529.115,0,11,"F","blanc","demande",1075,26.4,7.68,9.66,9,"restricted","winter",2.93333333333333,1,0.469418960244648,0.705859872611465,5
"14","16","automne","2016",1737.402,0,11,"F","blanc","demande",NA,8.3,8.5375,7.725,7,"restricted","fall",1.18571428571429,1,0.469418960244648,0.705859872611465,5
"15","17","automne","2016",1867.871,0,8,"F","blanc","libre",NA,42.6,6.14444444444444,6.47777777777778,8,"unrestricted","fall",5.325,0.661392405063291,0.888776028440833,0.944649446494465,6
"16","17","hiver","2017",1761.946,0,8,"F","blanc","libre",266,7,8.05714285714286,9.8,6,"unrestricted","winter",1.16666666666667,0.661392405063291,0.888776028440833,0.944649446494465,6
"17","18","automne","2021",1612.96340476005,1,10,"F","blanc","libre",1572,24.9,9.93333333333333,7.6,8,"unrestricted","fall",3.1125,1,0.065206316861946,0.158069035791619,7
"18","18","ete","2020",1206.35326118305,1,9,"F","blanc","libre",214,2,18.3875,7.4375,7,"unrestricted","summer",0.285714285714286,1,0.065206316861946,0.158069035791619,7
"19","18","ete","2021",5447.53106607807,1,10,"F","blanc","libre",1613,60.6,19.0111111111111,6.76666666666667,8,"unrestricted","summer",7.575,1,0.065206316861946,0.158069035791619,7
"20","18","hiver","2020",2570.22895293512,1,9,"F","blanc","libre",3317,53.3,6.55384615384615,11.2769230769231,12,"unrestricted","winter",4.44166666666667,1,0.065206316861946,0.158069035791619,7
"21","18","hiver","2021",4191.22470613887,1,10,"F","blanc","libre",NA,1.6,-1.6,7.4375,7,"unrestricted","winter",0.228571428571429,1,0.065206316861946,0.158069035791619,7
"22","18","printemps","2020",2201.22428238107,1,9,"F","blanc","libre",433,8.5,15.19,7.09,9,"unrestricted","spring",0.944444444444444,1,0.065206316861946,0.158069035791619,7
"23","18","automne","2020",3954.77091440784,1,9,"F","blanc","libre",383,2.6,9.3875,5.4625,7,"unrestricted","fall",0.371428571428571,1,0.065206316861946,0.158069035791619,7
"24","18","printemps","2021",1528.84011927515,1,10,"F","blanc","libre",124,1.6,11.2,6.71111111111111,8,"unrestricted","spring",0.2,1,0.065206316861946,0.158069035791619,7
"25","19","automne","2021",1392.93067545883,1,3,"F","blanc","libreJour",1572,24.9,10.03,7.49,9,"restricted","fall",2.76666666666667,0.715189873417722,0.899643402954661,0.945491594498217,8
"26","19","ete","2020",4034.6062855485,1,2,"F","blanc","libreJour",214,2.4,18.6444444444444,7.28888888888889,8,"restricted","summer",0.3,0.715189873417722,0.899643402954661,0.945491594498217,8
"27","19","ete","2021",1216.71562134748,1,3,"F","blanc","libreJour",NA,9.4,18.2444444444444,6.36666666666667,8,"restricted","summer",1.175,0.715189873417722,0.899643402954661,0.945491594498217,8
"28","19","hiver","2021",4061.51907239971,1,2,"F","blanc","libreJour",NA,56.9,6.20769230769231,8.75384615384615,12,"restricted","winter",4.74166666666667,0.715189873417722,0.899643402954661,0.945491594498217,8
"29","19","printemps","2020",622.886963725073,1,2,"F","blanc","libreJour",734,12.5,15.4357142857143,7.22142857142857,13,"restricted","spring",0.961538461538462,0.715189873417722,0.899643402954661,0.945491594498217,8
"30","19","printemps","2021",7943.72124588441,1,2,"F","blanc","libreJour",587,3.8,10.91,6.64,9,"restricted","spring",0.422222222222222,0.715189873417722,0.899643402954661,0.945491594498217,8
"31","19","automne","2020",2340.8303762488,1,2,"F","blanc","libreJour",1601,16.1,12.8,9.525,7,"restricted","fall",2.3,0.715189873417722,0.899643402954661,0.945491594498217,8
"32","19","hiver","2020",1275.10753465853,1,1,"F","gris","libreJour",2954,52.5,5.99,11.83,9,"restricted","winter",5.83333333333333,0.715189873417722,0.899643402954661,0.945491594498217,8
"33","20","ete","2020",2752.63785846316,1,5,"F","gris","libre",246,7.1,21.9428571428571,7.31428571428571,6,"unrestricted","summer",1.18333333333333,0.288888888888889,0.463812436289501,0.465613856342333,9
"34","20","hiver","2020",1947.36326527408,1,4,"F","gris","libre",2954,52.5,5.99,11.83,9,"unrestricted","winter",5.83333333333333,0.288888888888889,0.463812436289501,0.465613856342333,9
"35","21","printemps","2020",12084.1045695218,1,1,"F","blanc","libre",217,3.8,17.1333333333333,7.03333333333333,8,"unrestricted","spring",0.475,0.00955414012738853,0.27967396841569,0.634730538922156,6
"36","22","ete","2020",1364.92806792774,1,18,"F","gris","libre",NA,27.6,25.33,NA,9,"unrestricted","summer",3.06666666666667,0.00321543408360129,0.0578893442622951,0.135179984682155,45
"37","22","printemps","2020",1074.13429406755,1,18,"F","gris","libre",247,3.6,13.425,7.35,3,"unrestricted","spring",1.2,0.00321543408360129,0.0578893442622951,0.135179984682155,45
"38","23","ete","2020",1510.1531872919,1,9,"M","blanc","libre",535,27.4,25.15,NA,3,"unrestricted","summer",9.13333333333333,0.00321543408360129,0.0578893442622951,0.135179984682155,45
"39","27","ete","2020",11368.0088684513,1,1,"M","blanc","libre",1,0.4,22.45,6.5,3,"unrestricted","summer",0.133333333333333,0.053968253968254,0.146142054164538,0.42223920519679,46
"40","27","automne","2020",4848.25914258371,1,1,"M","blanc","libre",761,7.2,10.8,9.375,3,"unrestricted","fall",2.4,0.053968253968254,0.146142054164538,0.42223920519679,46
"41","28","automne","2020",1324.08127761123,1,3,"F","blanc","demande",NA,16.3,9.42857142857143,6.05714285714286,6,"restricted","fall",2.71666666666667,0.0707395498392283,0.103465851172273,0.453027405991077,10
"42","28","automne","2021",2020.41092983103,1,4,"F","blanc","demande",1665,24.9,9.4,6.98333333333333,11,"restricted","fall",2.26363636363636,0.0707395498392283,0.103465851172273,0.453027405991077,10
"43","28","printemps","2021",968.818693115733,1,4,"F","blanc","demande",662,3.8,11.0181818181818,6.69090909090909,10,"restricted","spring",0.38,0.0707395498392283,0.103465851172273,0.453027405991077,10
"44","28","hiver","2021",4286.55337464617,1,4,"F","blanc","demande",NA,44.8,5.48181818181818,7.92727272727273,10,"restricted","winter",4.48,0.0707395498392283,0.103465851172273,0.453027405991077,10
"45","28","ete","2021",955.725743698498,1,4,"F","blanc","demande",NA,60.8,17.7888888888889,6.31111111111111,8,"restricted","summer",7.6,0.0707395498392283,0.103465851172273,0.453027405991077,10
"46","31","automne","2020",5660.43288977686,1,3,"M","blanc","demande",798,7.2,11.24,6.5,9,"restricted","fall",0.8,0.126182965299685,0.343542623787647,0.56,11
"47","31","ete","2021",3975.82961841827,1,4,"M","blanc","demande",272,7.7,20.9888888888889,5.84444444444444,8,"restricted","summer",0.9625,0.126182965299685,0.343542623787647,0.56,11
"48","31","hiver","2021",4873.47980882806,2,3,"M","blanc","demande",NA,56.2,8.01578947368421,8.31052631578947,8,"restricted","winter",7.025,0.126182965299685,0.343542623787647,0.56,11
"49","31","printemps","2021",5759.74965072341,1,3,"M","blanc","demande",121,1.6,11.4777777777778,6.94444444444444,8,"restricted","spring",0.2,0.126182965299685,0.343542623787647,0.56,11
"50","32","automne","2020",6134.75273354118,1,3,"M","blanc","libre",1601,16.1,12.8,9.525,7,"unrestricted","fall",2.3,0.572784810126582,0.665474974463738,0.710754332313965,12
"51","32","ete","2021",1391.92789086908,1,4,"M","gris","libre",NA,8.8,18.65,6.375,7,"unrestricted","summer",1.25714285714286,0.572784810126582,0.665474974463738,0.710754332313965,12
"52","32","automne","2021",1311.52378187868,1,4,"M","gris","libre",1544,24.9,10.3444444444444,7.43333333333333,8,"unrestricted","fall",3.1125,0.572784810126582,0.665474974463738,0.710754332313965,12
"53","33","printemps","2021",2082.4942604878,1,8,"M","gris","libre",1505,29.3,13.1333333333333,8.92222222222222,8,"unrestricted","spring",3.6625,1,0.107942973523422,0.185779816513761,13
"54","33","hiver","2021",6417.67411579542,1,8,"M","blanc","libre",471,3,9.2,6.27,9,"unrestricted","winter",0.333333333333333,1,0.107942973523422,0.185779816513761,13
"55","34","automne","2020",1118.06894198808,1,8,"F","blanc","libre",1659,16.3,12.7222222222222,9.45555555555556,8,"unrestricted","fall",2.0375,1,0.107942973523422,0.185779816513761,13
"56","34","printemps","2021",1563.91421064754,1,8,"F","gris","libre",1505,29.3,13.1333333333333,8.92222222222222,8,"unrestricted","spring",3.6625,1,0.107942973523422,0.185779816513761,13
"57","34","hiver","2021",4497.18013219326,1,8,"F","blanc","libre",378,2.2,9.32222222222222,6.21111111111111,8,"unrestricted","winter",0.275,1,0.107942973523422,0.185779816513761,13
"58","35","automne","2020",1821.83105545843,1,11,"M","gris","libre",1390,11.8,12.0222222222222,9.26666666666667,8,"unrestricted","fall",1.475,0.0700636942675159,0.322613578356304,0.466386554621849,14
"59","35","hiver","2021",938.808945712705,1,12,"M","blanc","libreJour",427,7.2,10.3833333333333,7.45,5,"restricted","winter",1.44,0.0700636942675159,0.322613578356304,0.466386554621849,14
"60","37","automne","2021",1319.22734829816,1,2,"F","gris","demandeJour",NA,24.9,8.76666666666667,6.53333333333333,14,"restricted","fall",1.77857142857143,0.668789808917197,0.621057985757884,0.710646968925115,16
"61","37","ete","2021",1728.19406085529,1,1,"F","gris","libreJour",NA,70,17.9705882352941,6.32941176470588,16,"restricted","summer",4.375,0.668789808917197,0.621057985757884,0.710646968925115,16
"62","37","hiver","2021",1159.72598110542,1,1,"F","gris","demandeJour",NA,9.8,2.58461538461538,7.75384615384615,12,"restricted","winter",0.816666666666667,0.668789808917197,0.621057985757884,0.710646968925115,16
"63","37","printemps","2021",1035.46914949086,1,1,"F","gris","demandeJour",121,1.6,11.4777777777778,6.94444444444444,8,"restricted","spring",0.2,0.668789808917197,0.621057985757884,0.710646968925115,16
"64","38","ete","2021",1599.54051109541,1,4,"M","gris","libre",49,0.4,20.45,6.65,7,"unrestricted","summer",0.0571428571428571,0.379746835443038,0.65765306122449,0.63230984838833,17
"65","38","hiver","2021",7976.91837154108,1,3,"M","blanc","libre",NA,36.5,4.92727272727273,7.53636363636364,10,"unrestricted","winter",3.65,0.379746835443038,0.65765306122449,0.63230984838833,17
"66","38","printemps","2021",1782.19921953925,1,3,"M","gris","libre",2072,44.9,12.275,8.19166666666667,11,"unrestricted","spring",4.08181818181818,0.379746835443038,0.65765306122449,0.63230984838833,17
"67","38","automne","2020",1556.20110781185,1,3,"M","blanc","libre",NA,18.8,10.3,6.9625,7,"unrestricted","fall",2.68571428571429,0.379746835443038,0.65765306122449,0.63230984838833,17
"68","38","automne","2021",1349.84807228576,1,4,"M","gris","libre",1572,24.9,9.93333333333333,7.6,8,"unrestricted","fall",3.1125,0.379746835443038,0.65765306122449,0.63230984838833,17
"69","39","automne","2020",3748.1932834674,1,6,"M","blanc","libre",NA,18.8,10.9333333333333,6.91111111111111,8,"unrestricted","fall",2.35,0.457413249211356,0.556176919166243,0.497899427116486,18
"70","40","ete","2021",1830.68924804585,1,10,"F","gris","demande",NA,9.4,18.4090909090909,5.79090909090909,10,"restricted","summer",0.94,0.0221518987341772,0.0953109072375127,0.473315501210037,44
"71","40","hiver","2021",1473.98886404888,1,10,"F","gris","demande",NA,9.8,2.58461538461538,7.75384615384615,12,"restricted","winter",0.816666666666667,0.0221518987341772,0.0953109072375127,0.473315501210037,44
"72","40","printemps","2021",1706.92198961308,1,10,"F","gris","demande",1231,20.6,13.325,8.65,7,"restricted","spring",2.94285714285714,0.0221518987341772,0.0953109072375127,0.473315501210037,44
"73","40","automne","2020",1416.86454986636,1,9,"F","gris","demande",NA,18.8,10.9333333333333,6.91111111111111,8,"restricted","fall",2.35,0.0221518987341772,0.0953109072375127,0.473315501210037,44
"74","41","automne","2020",1584.54735713415,1,8,"F","gris","demande",NA,18.8,10.9333333333333,6.91111111111111,8,"restricted","fall",2.35,0.0221518987341772,0.0953109072375127,0.473315501210037,44
"75","41","ete","2021",1346.551435538,1,9,"F","gris","demande",NA,9.4,18.4090909090909,5.79090909090909,10,"restricted","summer",0.94,0.0221518987341772,0.0953109072375127,0.473315501210037,44
"76","41","hiver","2021",1237.49680693148,1,8,"F","gris","demande",NA,9.8,1.75833333333333,7.75833333333333,11,"restricted","winter",0.890909090909091,0.0221518987341772,0.0953109072375127,0.473315501210037,44
"77","41","printemps","2021",1074.99602521981,1,8,"F","gris","demande",1231,20.6,13.325,8.65,7,"restricted","spring",2.94285714285714,0.0221518987341772,0.0953109072375127,0.473315501210037,44
"78","43","ete","2021",1422.08765235279,1,7,"M","gris","demandeJour",817,26.8,20.825,6.425,7,"restricted","summer",3.82857142857143,1,0.386850152905199,0.652832590706556,19
"79","43","hiver","2021",1255.98281306867,1,7,"M","gris","demandeJour",NA,56.9,6.20769230769231,8.75384615384615,12,"restricted","winter",4.74166666666667,1,0.386850152905199,0.652832590706556,19
"80","43","printemps","2021",1252.02989241374,1,7,"M","gris","demandeJour",199,1.6,11.29,6.76,9,"restricted","spring",0.177777777777778,1,0.386850152905199,0.652832590706556,19
"81","43","automne","2021",1467.61065284378,1,8,"M","gris","libreJour",306,1,7.74,5.32,4,"restricted","fall",0.25,1,0.386850152905199,0.652832590706556,19
"82","43","automne","2020",1685.03444198611,1,6,"M","gris","demandeJour",NA,18.8,10.9333333333333,6.91111111111111,8,"restricted","fall",2.35,1,0.386850152905199,0.652832590706556,19
"83","45","ete","2021",2763.62032908541,1,5,"F","gris","demande",568,9.4,18.325,6.4,7,"restricted","summer",1.34285714285714,0.451923076923077,0.487519103413143,0.718638449770525,20
"84","45","hiver","2021",1348.83266677437,1,4,"F","gris","demande",NA,56.9,6.20769230769231,8.75384615384615,12,"restricted","winter",4.74166666666667,0.451923076923077,0.487519103413143,0.718638449770525,20
"85","45","printemps","2021",2378.83703973951,1,4,"F","gris","demande",199,1.6,11.29,6.76,9,"restricted","spring",0.177777777777778,0.451923076923077,0.487519103413143,0.718638449770525,20
"86","45","automne","2021",1444.41785949914,1,5,"F","gris","demande",313,1,6.6875,4.925,7,"restricted","fall",0.142857142857143,0.451923076923077,0.487519103413143,0.718638449770525,20
"87","45","automne","2020",1937.35419274408,1,4,"F","gris","demande",NA,7.4,11.0916666666667,6.7,11,"restricted","fall",0.672727272727273,0.451923076923077,0.487519103413143,0.718638449770525,20
"88","46","automne","2020",16089.8378230018,1,1,"M","gris","demande",NA,24,11.6818181818182,7.54545454545454,10,"restricted","fall",2.4,0.0479233226837061,0.231788079470199,0.436583811344806,21
"89","47","ete","2021",1273.81822591475,1,16,"M","gris","libre",NA,27.5,18.4363636363636,6.3,10,"unrestricted","summer",2.75,0.0441640378548896,0.370238699847638,0.41415298459972,22
"90","47","hiver","2021",10776.9956718802,1,16,"M","blanc","demande",3478,48.3,8.74444444444444,8.76666666666667,8,"restricted","winter",6.0375,0.0441640378548896,0.370238699847638,0.41415298459972,22
"91","47","printemps","2021",977.043163252863,1,16,"M","gris","libre",2072,44.9,12.275,8.19166666666667,11,"unrestricted","spring",4.08181818181818,0.0441640378548896,0.370238699847638,0.41415298459972,22
"92","50","automne","2021",6103.45843225947,1,7,"M","blanc","libre",559,4.8,9.675,5.7,7,"unrestricted","fall",0.685714285714286,0.469648562300319,0.58676844783715,0.694688574703859,23
"93","50","automne","2020",5937.27125351963,1,6,"M","blanc","libre",NA,16.3,9.42857142857143,6.05714285714286,6,"unrestricted","fall",2.71666666666667,0.469648562300319,0.58676844783715,0.694688574703859,23
"94","52","automne","2020",9614.8817013453,1,3,"F","blanc","libre",NA,18.8,10.3,6.9625,7,"unrestricted","fall",2.68571428571429,0.243589743589744,0.329597554763118,0.478986245542537,24
"95","52","hiver","2021",10049.5206358475,1,4,"F","blanc","libre",935,9.8,7.64666666666667,7.52666666666667,14,"unrestricted","winter",0.7,0.243589743589744,0.329597554763118,0.478986245542537,24
"96","52","printemps","2021",5607.20119714386,1,4,"F","blanc","libre",199,1.6,11.29,6.76,9,"unrestricted","spring",0.177777777777778,0.243589743589744,0.329597554763118,0.478986245542537,24
"97","53","ete","2021",2334.52158170575,1,15,"M","blanc","demande",1562,60.4,19.4555555555556,6.94444444444444,8,"restricted","summer",7.55,0.530546623794212,0.545594262295082,0.714796374313801,25
"98","53","printemps","2021",4132.34544754528,1,14,"M","blanc","demande",662,3.8,11.0181818181818,6.69090909090909,10,"restricted","spring",0.38,0.530546623794212,0.545594262295082,0.714796374313801,25
"99","53","automne","2021",7421.28805169505,1,15,"M","blanc","demande",1665,24.9,9.4,6.98333333333333,11,"restricted","fall",2.26363636363636,0.530546623794212,0.545594262295082,0.714796374313801,25
"100","54","automne","2020",2021.60901541882,1,7,"M","gris","demandeJour",1391,11.8,10.6769230769231,8.13846153846154,12,"restricted","fall",0.983333333333333,0.00320512820512821,0.23865374808771,0.451983165412575,26
"101","54","automne","2021",1836.31303286196,1,8,"M","gris","demandeJour",NA,24.9,8.61428571428571,6.53571428571429,13,"restricted","fall",1.91538461538462,0.00320512820512821,0.23865374808771,0.451983165412575,26
"102","54","ete","2021",2467.99254140698,1,7,"M","gris","demandeJour",1613,60.6,18.45,6.75,7,"restricted","summer",8.65714285714286,0.00320512820512821,0.23865374808771,0.451983165412575,26
"103","54","hiver","2021",1655.58014868802,1,7,"M","gris","demandeJour",NA,10.6,5.83333333333333,7.60555555555556,17,"restricted","winter",0.623529411764706,0.00320512820512821,0.23865374808771,0.451983165412575,26
"104","54","printemps","2021",2062.2592155262,1,7,"M","gris","demandeJour",NA,64.9,12.795652173913,8.39565217391304,22,"restricted","spring",2.95,0.00320512820512821,0.23865374808771,0.451983165412575,26
"105","55","ete","2021",3190.90903218622,1,2,"M","gris","libre",173,0.8,18.375,4.55,3,"unrestricted","summer",0.266666666666667,1,0.425878757004585,0.680091766505226,27
"106","55","hiver","2021",2893.47285127122,1,1,"M","gris","libre",NA,69.8,6.3,9.19285714285714,13,"unrestricted","winter",5.36923076923077,1,0.425878757004585,0.680091766505226,27
"107","55","automne","2020",17281.3438215127,1,1,"M","blanc","libre",1659,16.3,12.7222222222222,9.45555555555556,8,"unrestricted","fall",2.0375,1,0.425878757004585,0.680091766505226,27
"108","57","automne","2021",2168.35814870262,1,6,"F","blanc","libre",1032,20.1,10.0090909090909,6.65454545454545,10,"unrestricted","fall",2.01,0.310126582278481,0.600712105798576,0.705590220297975,28
"109","57","printemps","2021",1694.42635478586,1,15,"F","blanc","libre",662,3.8,11.0181818181818,6.69090909090909,10,"unrestricted","spring",0.38,0.310126582278481,0.600712105798576,0.705590220297975,28
"110","57","hiver","2021",6238.48528794139,1,5,"F","blanc","libreJour",NA,35.5,4.94444444444444,8.33333333333333,8,"restricted","winter",4.4375,0.310126582278481,0.600712105798576,0.705590220297975,28
"111","57","ete","2021",4162.39192767538,1,5,"F","blanc","libre",NA,28.1,18.1076923076923,6.08461538461538,12,"unrestricted","summer",2.34166666666667,0.310126582278481,0.600712105798576,0.705590220297975,28
"112","58","automne","2021",6632.41181780017,1,1,"M","gris","demande",313,1,7.0875,4.8125,7,"restricted","fall",0.142857142857143,1,0.0443651198368179,0.24553799082101,29
"113","58","ete","2021",4322.66689341469,1,1,"M","gris","demande",272,7.7,20.1454545454545,5.63636363636364,10,"restricted","summer",0.77,1,0.0443651198368179,0.24553799082101,29
"114","59","hiver","2021",1022.55308988276,1,6,"F","gris","libre",673,8.8,7.32307692307692,7.66923076923077,12,"unrestricted","winter",0.733333333333333,0.0741935483870968,0.487166324435318,0.7162386610451,30
"115","59","printemps","2021",1600.13964319211,1,6,"F","blanc","libre",720,4.2,10.075,6.7875,7,"unrestricted","spring",0.6,0.0741935483870968,0.487166324435318,0.7162386610451,30
"116","60","hiver","2021",7816.78967698162,1,10,"F","blanc","libre",427,7.2,11.1,7.7375,7,"unrestricted","winter",1.02857142857143,0.208860759493671,0.471036585365854,0.674181632913005,31
"117","60","printemps","2021",5466.70940423855,1,10,"F","blanc","libre",124,1.6,11.2,6.71111111111111,8,"unrestricted","spring",0.2,0.208860759493671,0.471036585365854,0.674181632913005,31
"118","61","hiver","2021",6065.90012661335,1,5,"M","blanc","demande",685,8.2,10.0727272727273,7.15454545454545,10,"restricted","winter",0.82,1,0.0255362614913177,0.092484076433121,32
"119","61","printemps","2021",1860.21420474379,2,5,"M","blanc","demande",1445,32.6,11.8714285714286,7.96428571428571,7,"restricted","spring",4.65714285714286,1,0.0255362614913177,0.092484076433121,32
"120","61","ete","2021",2372.71383870664,1,5,"M","gris","demande",NA,8.8,18.5666666666667,6.04444444444444,8,"restricted","summer",1.1,1,0.0255362614913177,0.092484076433121,32
"121","61","automne","2021",2177.68844380069,1,5,"M","gris","demande",1544,24.9,10.275,7.55,7,"restricted","fall",3.55714285714286,1,0.0255362614913177,0.092484076433121,32
"122","62","automne","2021",5108.24833305432,1,6,"F","blanc","libre",NA,6.6,4.28571428571429,7.52857142857143,6,"unrestricted","fall",1.1,0.158730158730159,0.474541751527495,0.54639175257732,33
"123","62","printemps","2021",4834.33523894778,1,5,"F","blanc","libre",121,1.6,11.725,7.025,7,"unrestricted","spring",0.228571428571429,0.158730158730159,0.474541751527495,0.54639175257732,33
"124","62","hiver","2021",6224.8463706263,1,5,"F","blanc","libre",673,8.8,5.69,7.8,9,"unrestricted","winter",0.977777777777778,0.158730158730159,0.474541751527495,0.54639175257732,33
"125","62","ete","2021",4516.96232742731,1,6,"F","blanc","libre",NA,10.3,14.4444444444444,6.23333333333333,8,"unrestricted","summer",1.2875,0.158730158730159,0.474541751527495,0.54639175257732,33
"126","63","automne","2021",1587.00363142216,1,5,"M","gris","libre",1663,24.9,9.22,7.36,9,"unrestricted","fall",2.76666666666667,0.0964630225080386,0.0948012232415902,0.272657743785851,34
"127","63","ete","2021",1579.81884110828,1,5,"M","gris","libre",NA,27.5,18.4363636363636,6.3,10,"unrestricted","summer",2.75,0.0964630225080386,0.0948012232415902,0.272657743785851,34
"128","63","hiver","2021",4385.29351492992,1,4,"M","blanc","libre",689,8.2,10.3545454545455,7.50909090909091,10,"unrestricted","winter",0.82,0.0964630225080386,0.0948012232415902,0.272657743785851,34
"129","63","printemps","2021",2289.10425086552,1,4,"M","gris","libre",1577,24.1,12.08,7.94,9,"unrestricted","spring",2.67777777777778,0.0964630225080386,0.0948012232415902,0.272657743785851,34
"130","64","ete","2021",4276.04203736474,1,5,"M","gris","libreJour",NA,27.5,18.3666666666667,6.06666666666667,11,"restricted","summer",2.5,0.00316455696202532,0.09072375127421,0.130030565461029,35
"131","64","printemps","2021",2974.65431149923,1,5,"M","gris","libreJour",749,4.4,10.1555555555556,7.24444444444444,8,"restricted","spring",0.55,0.00316455696202532,0.09072375127421,0.130030565461029,35
"132","65","ete","2021",2015.57868780824,1,1,"M","gris","libreJour",409,8.6,18.8833333333333,6.43333333333333,5,"restricted","summer",1.72,0.00316455696202532,0.09072375127421,0.130030565461029,35
"133","66","ete","2021",2255.17450401222,1,3,"F","gris","libre",862,27.2,20.7,6.43333333333333,11,"unrestricted","summer",2.47272727272727,1,0.0315843097300051,0.0798624379059992,36
"134","66","automne","2021",1723.96329523146,1,3,"F","gris","libre",NA,24.9,8.61428571428571,6.53571428571429,13,"unrestricted","fall",1.91538461538462,1,0.0315843097300051,0.0798624379059992,36
"135","68","automne","2021",3055.96655614532,1,5,"M","gris","demande",NA,6.6,4.75,7.31,9,"restricted","fall",0.733333333333334,0.418006430868167,0.620214395099541,0.756687898089172,37
"136","69","automne","2021",2313.19476669288,1,2,"F","gris","demande",NA,6.6,4.75,7.31,9,"restricted","fall",0.733333333333334,0.418006430868167,0.620214395099541,0.756687898089172,37
"137","7","automne","2020",3743.84402165094,1,15,"F","blanc","libreJour",1601,16.1,12.8,9.525,7,"restricted","fall",2.3,0.715189873417722,0.899643402954661,0.945491594498217,8
"138","7","automne","2021",3228.08944180334,1,16,"F","blanc","libreJour",1572,24.9,10.03,7.49,9,"restricted","fall",2.76666666666667,0.715189873417722,0.899643402954661,0.945491594498217,8
"139","7","ete","2020",1637.08281254298,1,15,"F","blanc","libreJour",214,2.4,18.6444444444444,7.28888888888889,8,"restricted","summer",0.3,0.715189873417722,0.899643402954661,0.945491594498217,8
"140","7","ete","2021",4978.97829720999,1,16,"F","blanc","libreJour",568,9.4,18.325,6.4,7,"restricted","summer",1.34285714285714,0.715189873417722,0.899643402954661,0.945491594498217,8
"141","7","hiver","2020",2993.24254303903,1,15,"F","blanc","libreJour",2627,29.4,8.40909090909091,9.08181818181818,10,"restricted","winter",2.94,0.715189873417722,0.899643402954661,0.945491594498217,8
"142","7","hiver","2021",964.076921432458,1,16,"F","blanc","libreJour",NA,56.9,6.20769230769231,8.75384615384615,12,"restricted","winter",4.74166666666667,0.715189873417722,0.899643402954661,0.945491594498217,8
"143","7","printemps","2021",2592.65465235977,1,16,"F","blanc","libreJour",587,3.8,10.91,6.64,9,"restricted","spring",0.422222222222222,0.715189873417722,0.899643402954661,0.945491594498217,8
"144","7","printemps","2016",245.9859,0,10,"F","blanc","libre_jour",NA,NA,NA,NA,8,"restricted","spring",NA,0.715189873417722,0.899643402954661,0.945491594498217,8
"145","7","automne","2016",2613.718,0,10,"F","blanc","libre_jour",NA,0.8,5,3.85,3,"restricted","fall",0.266666666666667,0.715189873417722,0.899643402954661,0.945491594498217,8
"146","7","ete","2016",1566.579,0,10,"F","blanc","libre_jour",NA,NA,NA,NA,4,"restricted","summer",NA,0.715189873417722,0.899643402954661,0.945491594498217,8
"147","7","hiver","2017",741.7742,0,10,"F","blanc","libre_jour",1872,47.3,7.875,9.26666666666667,11,"restricted","winter",4.3,0.715189873417722,0.899643402954661,0.945491594498217,8
"148","70","automne","2021",2856.18492371,1,6,"F","gris","libre",NA,9.4,3.675,8.2,7,"unrestricted","fall",1.34285714285714,0.636075949367089,0.833248601931876,0.793709410416401,38
"149","71","automne","2021",30044.3751553276,1,1,"M","gris","libre",2153,25.5,4.8375,9.2375,7,"unrestricted","fall",3.64285714285714,0.347003154574132,0.490345528455285,0.762450643230162,39
"150","73","automne","2021",1595.43970815582,1,3,"F","gris","libre",3080,41.4,5.34285714285714,8.46428571428571,13,"unrestricted","fall",3.18461538461538,0.0791139240506329,0.418960244648318,0.762923351158645,40
"151","75","automne","2021",1480.23259636533,1,6,"F","gris","demande",2313,27.5,4.73,9.18,9,"restricted","fall",3.05555555555556,0.107255520504732,0.276844783715013,0.418853503184713,41
"152","76","automne","2021",1191.7817888995,1,4,"F","gris","demande",NA,46.6,4.31176470588235,8.79411764705882,16,"restricted","fall",2.9125,0.107255520504732,0.276844783715013,0.418853503184713,41
"153","8","automne","2021",5147.66568099286,1,17,"F","gris","demande",1698,24.9,8.61818181818182,6.97272727272727,10,"restricted","fall",2.49,0.980952380952381,0.996941896024465,0.990960020371785,42
"154","8","ete","2020",15795.5316772847,1,16,"F","gris","demande",312,7.7,20.075,5.78333333333333,11,"restricted","summer",0.7,0.980952380952381,0.996941896024465,0.990960020371785,42
"155","8","hiver","2021",2957.86679101612,1,17,"F","gris","demande",NA,36,4.605,7.89,19,"restricted","winter",1.89473684210526,0.980952380952381,0.996941896024465,0.990960020371785,42
"156","8","printemps","2021",13996.8302399175,1,17,"F","gris","demande",1017,18.3,12.7125,7.6375,7,"restricted","spring",2.61428571428571,0.980952380952381,0.996941896024465,0.990960020371785,42
"157","8","hiver","2017",30771.95,0,13,"M","blanc","demande",1320,29.8,8.32,7.04,9,"restricted","winter",3.31111111111111,0.980952380952381,0.996941896024465,0.990960020371785,42
"158","9","automne","2016",50586.8,0,4,"F","blanc","demande",1186,15.5,5.45,5.4,5,"restricted","fall",3.1,0.137820512820513,0.435648621041879,0.756082027767163,43
